sebiaSerumCurve_intArr,sebiaSerumGelControlCurve_intArr,gamma_region_cutoff
"[   0,   4,   4,   4,   3,   3,   3,   3,   4,   4,   4,   4,   4,   4,    4,   3,   3,   3,   3,   3,   3,   2,   2,   1,   1,   1,   0,   0,    0,   0,   1,   2,   4,   5,   6,   8,  11,  17,  27,  27,  70, 116,  191, 313, 498, 764,1120,1566,2078,2611,3100,3461,3606,3477,3060,2437, 1749,1149, 710, 424, 252, 153,  98,  66,  66,  37,  30,  25,  21,  18,   16,  15,  14,  13,  12,  11,  11,  10,  10,  10,  10,  10,  10,  10,   10,  10,   9,   9,   8,   8,   7,   7,   7,   7,   7,   8,   8,   7,    7,   6,   6,   6,   7,   7,   8,   9,  10,  11,  12,  13,  13,  14,   14,  14,  14,  14,  15,  17,  20,  23,  26,  26,  32,  35,  38,  41,   46,  54,  65,  80,  96, 108, 113, 111, 104, 104,  99, 108, 126, 150,  174, 189, 188, 169, 139, 106,  77,  56,  41,  32,  26,  23,  23,  23,   26,  29,  34,  40,  45,  49,  50,  48,  46,  46,  46,  49,  53,  58,   64,  70,  76,  82,  87,  92,  95,  96,  95,  91,  86,  78,  70,  62,   56,  52,  52,  52,  55,  58,  61,  65,  72,  83,  97, 113, 126, 131,  125, 108,  87,  68,  56,  50,  50,  54,  61,  70,  78,  84,  84,  78,   67,  54,  42,  31,  24,  19,  16,  14,  12,  11,   9,   8,   7,   7,    6,   6,   6,   7,   8,  10,  13,  18,  27,  40,  62,  96, 150, 230,  346, 506, 720, 994,1328,1709,2103,2453,2667,2606,2197,1568, 952, 522,  273, 140,  73,  41,  25,  16,  11,   8,   7,   6,   6,   6,   6,   7,    7,   8,   8,   9,  11,  12,  14,  15,  16,  16,  15,  14,  13,  11,   10,   9,   8,   8,   7,   7,   7,   7,   7,   8,   8,   9,   9,   9,    9,   9,   9,  10,  10,  10]","[   0,   6,   6,   7,   7,   6,   6,   6,   8,  11,  14,  17,  20,  21,   20,  20,  19,  19,  18,  17,  15,  13,  12,  11,  11,  10,  10,   9,    8,   8,   9,  11,  14,  18,  23,  26,  27,  27,  28,  31,  35,  39,   46,  53,  62,  69,  73,  71,  68,  67,  70,  74,  77,  78,  79,  79,   81,  82,  83,  83,  82,  82,  83,  85,  91,  97, 103, 107, 110, 113,  118, 121, 121, 119, 117, 118, 121, 123, 123, 121, 115, 108, 103,  99,   99, 100, 103, 105, 103,  98,  92,  88,  86,  84,  79,  74,  69,  66,   64,  65,  66,  66,  64,  63,  63,  62,  63,  63,  63,  64,  65,  66,   67,  68,  66,  63,  61,  60,  60,  60,  62,  64,  67,  70,  72,  75,   78,  82,  88,  96, 105, 113, 120, 125, 125, 140, 154, 172, 193, 213,  224, 220, 202, 173, 141, 112,  90,  75,  64,  57,  52,  50,  50,  53,   61,  72,  85,  95, 102, 104, 101,  96,  90,  90,  91,  97, 103, 108,  112, 116, 119, 123, 128, 133, 136, 136, 132, 126, 118, 110, 101,  94,   88,  88,  86,  91, 100, 113, 129, 148, 163, 171, 167, 150, 124,  95,   71,  53,  42,  36,  36,  35,  38,  42,  47,  54,  62,  69,  74,  75,   73,  66,  56,  45,  35,  26,  20,  15,  12,   9,   6,   4,   2,   0,    0,   0,   1,   2,   4,   7,  11,  19,  32,  54,  87, 138, 212, 318,  465, 660, 914,1230,1606,2030,2478,2905,3231,3365,3187,2623,1826,1067,  563, 293, 155,  85,  49,  30,  20,  14,  11,   9,   9,  10,  13,  18,   22,  20,  15,  11,  11,  12,  13,  14,  14,  14,  14,  14,  15,  15,   14,  12,   8,   5,   3,   3,   4,   3,   2,   1,   1,   2,   5,   9,   14,  18,  19,  17,  15,  15]",104.0
"[   0,   0,   0,   1,   1,   3,   6,  11,  15,  18,  18,  16,  14,  13,   13,  14,  16,  18,  21,  25,  30,  35,  40,  45,  50,  55,  61,  68,   75,  82,  90,  97, 104, 110, 117, 124, 131, 139, 148, 157, 167, 176,  186, 196, 206, 214, 220, 223, 224, 223, 220, 217, 215, 215, 217, 219,  221, 221, 218, 214, 208, 201, 193, 184, 174, 163, 151, 139, 128, 118,  109, 103,  98,  94,  91,  88,  87,  85,  84,  81,  79,  77,  76,  74,   73,  72,  71,  70,  68,  66,  63,  60,  58,  55,  53,  51,  49,  47,   47,  47,  49,  52,  56,  61,  67,  76,  84,  91,  93,  90,  90,  82,   84,  93, 107, 125, 143, 154, 153, 139, 118,  95,  75,  60,  50,  44,   40,  38,  38,  38,  41,  44,  50,  58,  66,  71,  72,  71,  69,  69,   71,  75,  75,  88,  96, 104, 111, 119, 126, 133, 140, 145, 151, 155,  155, 148, 134, 117, 101,  91,  91,  93, 105, 123, 144, 164, 177, 175,  157, 129,  99,  76,  60,  51,  47,  47,  49,  55,  65,  78,  93, 107,  116, 118, 111,  97,  78,  60,  45,  34,  26,  22,  18,  16,  15,  13,   12,  11,  10,  10,  10,  10,  11,  13,  16,  21,  30,  44,  66, 100,  153, 232, 346, 505, 717, 991,1332,1733,2176,2627,3030,3303,3328,2982, 2310,1529, 894, 494, 271, 152,  89,  56,  36,  25,  17,  13,  10,   8,    7,   6,   6,   6,   6,   7,   9,  10,  12,  14,  16,  17,  18,  17,   16,  14,  13,  11,  10,   8,   7,   6,   5,   4,   4,   3,   3,   3,    3,   3,   4,   4,   4,   4,   5,   5,   5,   6,   6,   6,   5,   5,    5,   4,   4,   4,   5,   6,   7,   7,   7,   7,   6,   6,   5,   5,    5,   5,   6,   7,   8,   8]","[   0,   9,   8,   8,   7,   5,   3,   1,   0,   1,   2,   5,   8,  11,   14,  17,  20,  24,  27,  29,  31,  33,  34,  35,  37,  39,  41,  43,   45,  46,  47,  49,  53,  59,  65,  69,  72,  74,  78,  81,  86,  89,   93,  96,  99, 101, 103, 105, 107, 110, 111, 112, 112, 111, 111, 111,  111, 112, 113, 113, 113, 112, 111, 110, 109, 109, 108, 106, 102,  97,   92,  88,  85,  85,  85,  86,  87,  87,  87,  86,  86,  85,  84,  82,   82,  75,  73,  72,  72,  72,  74,  75,  74,  73,  72,  72,  72,  73,   76,  81,  87,  93,  98, 104, 110, 118, 125, 132, 137, 137, 147, 156,  170, 188, 208, 224, 228, 219, 197, 169, 139, 114,  94,  81,  72,  67,   67,  68,  73,  81,  91, 102, 113, 122, 126, 124, 118, 118, 109, 110,  115, 120, 125, 130, 134, 138, 141, 143, 144, 144, 143, 142, 141, 138,  131, 116, 100,  88,  88,  85,  92, 104, 121, 141, 159, 170, 171, 159,  138, 114,  92,  76,  65,  59,  57,  57,  57,  60,  64,  69,  76,  82,   87,  89,  88,  83,  75,  66,  57,  49,  43,  38,  34,  31,  28,  25,   22,  20,  20,  20,  21,  23,  25,  25,  31,  36,  45,  58,  78, 107,  151, 214, 306, 434, 608, 837,1128,1483,1893,2340,2782,3148,3324,3177, 2619,1827,1077, 584, 317, 178, 106,  69,  48,  36,  28,  22,  17,  12,    9,   9,   9,  10,  11,  12,  14,  16,  18,  20,  21,  23,  25,  26,   27,  28,  29,  30,  30,  29,  27,  26,  25,  26,  28,  33,  42,  48,   47,  37,  27,  21,  20,  19,  19,  18,  18,  17,  17,  18,  20,  21,   23,  24,  26,  26,  24,  22,  19,  16,  14,  12,  12,  12,  13,  14,   15,  16,  17,  17,  18,  18]",89.0
"[   0,   7,   9,  10,  12,  13,  13,  13,  13,  12,  12,  11,  10,   9,    8,   7,   7,   6,   6,   5,   4,   3,   1,   1,   0,   1,   2,   3,    5,   6,   7,   8,   8,   9,   9,  10,  10,  10,  10,  10,  10,  10,   10,  10,  11,  12,  14,  16,  17,  17,  17,  17,  18,  19,  20,  22,   23,  23,  23,  23,  23,  24,  27,  29,  31,  33,  34,  36,  37,  40,   42,  44,  46,  47,  47,  48,  49,  50,  51,  53,  54,  55,  55,  55,   56,  56,  57,  57,  57,  57,  57,  57,  57,  57,  57,  57,  55,  53,   51,  49,  47,  45,  43,  41,  39,  36,  34,  32,  31,  31,  31,  32,   32,  32,  32,  32,  33,  34,  35,  35,  35,  34,  33,  34,  35,  37,   40,  43,  48,  53,  61,  72,  89, 110, 132, 150, 158, 156, 149, 149,  145, 157, 178, 202, 221, 226, 211, 180, 142, 107,  80,  62,  51,  45,   45,  47,  56,  72,  95, 119, 136, 141, 138, 134, 134, 138, 144, 149,  153, 154, 153, 149, 143, 138, 132, 127, 121, 115, 110, 106, 103, 101,  100, 100,  99,  98,  96,  94,  94,  93,  97, 106, 122, 146, 174, 201,  215, 208, 180, 141, 105,  80,  67,  67,  66,  70,  77,  83,  88,  89,   85,  76,  65,  53,  43,  36,  31,  27,  25,  23,  22,  20,  19,  17,   16,  15,  15,  16,  18,  20,  23,  26,  31,  39,  52,  74, 109, 161,  238, 348, 500, 702, 963,1285,1662,2084,2528,2951,3292,3476,3424,3053, 2339,1504, 805, 399, 200, 101,  54,  32,  21,  15,  12,  10,   9,   9,   10,  11,  12,  14,  16,  19,  21,  23,  24,  24,  23,  21,  19,  16,   14,  13,  12,  11,  10,  10,  10,  11,  12,  10,   8,   7,   7,   7,    7,   7,   7,   7,   8,   8]","[   0,  38,  35,  34,  32,  32,  31,  30,  28,  26,  25,  25,  25,  26,   24,  23,  21,  20,  20,  19,  19,  19,  21,  24,  28,  31,  31,  31,   30,  32,  34,  36,  39,  43,  47,  50,  50,  47,  44,  42,  43,  43,   42,  40,  39,  39,  41,  42,  43,  43,  44,  45,  47,  50,  56,  62,   69,  74,  79,  85,  91,  95,  96,  97, 100, 107, 115, 120, 123, 122,  119, 116, 115, 115, 115, 116, 119, 122, 124, 126, 128, 129, 131, 131,  129, 126, 122, 117, 114, 112, 112, 110, 107, 105, 103, 102, 100,  97,   94,  91,  90,  90,  91,  92,  91,  87,  84,  82,  82,  82,  82,  82,   81,  81,  80,  78,  77,  75,  74,  73,  73,  74,  76,  79,  83,  88,   93,  96, 100, 104, 110, 118, 128, 138, 138, 138, 138, 168, 180, 196,  216, 235, 246, 244, 229, 202, 168, 135, 107,  88,  75,  67,  62,  62,   62,  66,  73,  81,  90, 100, 108, 114, 117, 119, 119, 119, 119, 119,  124, 130, 138, 146, 152, 157, 159, 160, 158, 155, 152, 147, 141, 133,  124, 114, 102,  92,  85,  85,  82,  87,  87, 114, 132, 149, 161, 163,  154, 134, 109,  85,  67,  54,  54,  54,  54,  52,  56,  61,  67,  74,   79,  81,  80,  74,  66,  56,  47,  39,  32,  26,  20,  15,  15,   8,    8,   4,   2,   1,   1,   1,   2,   3,   3,   8,  13,  21,  34,  53,   53,  53, 179, 261, 373, 522, 716, 961,1260,1613,2013,2443,2870,3242, 3504,3581,3431,2958,2190,1357, 714, 369, 198, 111,  67,  44,  31,  23,   18,  16,  15,  15,  15,  14,  13,  13,  15,  16,  17,  17,  17,  17,   18,  20,  22,  25,  29,  31,  32,  30,  27,  23,  19,  18,  19,  21,   22,  22,  20,  18,  16,  16]",120.0
"[   0,   1,   0,   0,   0,   0,   0,   0,   1,   1,   2,   3,   4,   6,    7,   8,  10,  12,  15,  18,  21,  24,  28,  31,  35,  39,  43,  47,   52,  57,  63,  70,  76,  82,  88,  93,  98, 103, 109, 115, 122, 128,  135, 141, 147, 152, 158, 163, 167, 171, 175, 178, 181, 183, 184, 184,  184, 185, 185, 186, 186, 187, 187, 186, 185, 182, 179, 176, 174, 171,  168, 165, 162, 159, 156, 152, 149, 145, 141, 136, 130, 124, 119, 114,  110, 107, 104, 101,  99,  97,  95,  93,  91,  88,  85,  81,  78,  75,   73,  72,  72,  72,  73,  75,  75,  82,  88,  95, 106, 122, 143, 167,  188, 200, 201, 192, 180, 172, 172, 175, 179, 179, 173, 159, 141, 120,  101,  85,  73,  64,  64,  59,  64,  75,  89, 100, 102,  96,  88,  82,   82,  85,  93, 104, 118, 133, 149, 163, 174, 182, 187, 186, 182, 174,  165, 156, 147, 137, 128, 118, 108,  97,  87,  78,  73,  73,  74,  80,   92, 109, 131, 156, 178, 189, 183, 160, 128,  96,  71,  55,  48,  45,   45,  45,  47,  49,  54,  61,  71,  84,  96, 105, 108, 102,  90,  74,   58,  45,  35,  28,  24,  20,  18,  16,  15,  14,  13,  13,  13,  13,   14,  16,  19,  24,  32,  45,  65,  96, 145, 217, 321, 465, 659, 910, 1226,1604,2035,2494,2933,3276,3431,3305,2805,2015,1202, 614, 306, 156,   82,  48,  31,  22,  18,  15,  14,  13,  12,  12,  12,  12,  12,  13,   14,  15,  17,  18,  20,  21,  21,  20,  19,  18,  17,  16,  15,  14,   13,  13,  13,  12,  12,  12,  12,  13,  13,  14,  16,  18,  22,  28,   38,  23,  10,   1,   0,   0,   8,  29,  60, 102, 153, 212, 278, 349,  426, 506, 588, 672, 876, 876]","[   0,   6,   6,   6,   6,   6,   6,   7,   7,   7,   6,   6,   6,   7,    8,   9,  10,  10,  10,  11,  13,  15,  17,  20,  23,  26,  30,  34,   37,  40,  42,  45,  47,  48,  49,  50,  52,  55,  58,  61,  63,  66,   69,  72,  75,  78,  80,  83,  85,  87,  89,  91,  93,  95,  96,  97,   99, 100, 101, 102, 102, 102, 101,  99,  97,  95,  94,  93,  92,  90,   87,  85,  82,  79,  77,  76,  74,  72,  70,  69,  68,  67,  67,  67,   67,  66,  65,  64,  64,  63,  63,  63,  64,  64,  64,  64,  65,  65,   68,  71,  75,  80,  85,  90,  94,  96,  98, 102, 108, 113, 118, 121,  124, 128, 128, 146, 163, 185, 208, 226, 233, 225, 203, 174, 144, 117,   95,  79,  67,  59,  55,  55,  55,  59,  67,  77,  88,  97, 102, 101,   96,  90,  85,  85,  86,  91,  97, 103, 109, 115, 120, 124, 127, 129,  131, 132, 132, 131, 129, 125, 119, 111, 103,  95,  88,  83,  83,  83,   90, 102, 118, 136, 153, 164, 166, 157, 138, 113,  88,  67,  53,  45,   41,  41,  41,  42,  45,  49,  55,  62,  69,  75,  79,  79,  76,  70,   62,  53,  44,  37,  30,  25,  21,  18,  15,  13,  11,  10,  10,  10,   10,  11,  12,  16,  22,  33,  49,  76, 117, 180, 270, 398, 574, 812, 1122,1505,1957,2455,2946,3349,3583,3610,3413,2918,2126,1285, 649, 326,  171,  92,  53,  32,  20,  12,   7,   3,   1,   1,   1,   2,   3,   4,    5,   7,   9,  11,  13,  15,  16,  16,  15,  15,  14,  14,  13,  11,   10,   8,   7,   6,   6,   5,   5,   4,   4,   5,   5,   6,   6,   6,    6,   5,   5,   5,   5,   5,   5,   5,   5,   5,   6,   6,   7,   7,    7,   7,   7,   7,   6,   6]",97.0
"[   0,   1,   1,   2,   2,   2,   3,   4,   6,   7,   7,   7,   6,   5,    5,   5,   4,   3,   2,   1,   1,   1,   1,   0,   0,   0,   1,   2,    3,   4,   5,   5,   5,   5,   5,   5,   6,   6,   7,   7,   7,   7,    7,   7,   8,   9,  10,  12,  14,  16,  18,  19,  20,  20,  20,  20,   22,  24,  26,  26,  27,  27,  27,  27,  28,  30,  32,  34,  36,  38,   39,  40,  41,  42,  43,  44,  45,  45,  44,  45,  45,  47,  48,  50,   51,  52,  52,  51,  49,  47,  46,  45,  45,  46,  47,  50,  52,  54,   54,  54,  52,  51,  49,  47,  44,  42,  39,  36,  33,  30,  30,  27,   26,  26,  26,  26,  26,  26,  27,  27,  28,  29,  30,  32,  35,  39,   39,  54,  65,  81, 102, 130, 160, 185, 198, 195, 181, 165, 165, 162,  181, 211, 244, 269, 276, 261, 229, 189, 150, 118,  94,  77,  66,  66,   64,  72,  86, 102, 115, 123, 127, 127, 143, 159, 179, 202, 226, 247,  264, 274, 278, 276, 269, 257, 242, 225, 208, 194, 183, 177, 173, 170,  164, 154, 140, 127, 117, 117, 114, 122, 137, 159, 186, 213, 228, 225,  202, 167, 130, 101,  83,  83,  79,  89, 107, 129, 152, 171, 181, 178,  163, 139, 111,  84,  64,  49,  40,  34,  29,  26,  23,  20,  18,  17,   15,  14,  14,  15,  17,  22,  30,  42,  62,  92, 138, 209, 315, 464,  670, 942,1287,1707,2188,2695,3164,3510,3664,3595,3288,2665,1852,1069,  550, 279, 143,  74,  41,  24,  15,  10,   7,   6,   5,   5,   5,   5,    6,   8,  10,  13,  15,  17,  18,  18,  17,  15,  13,  11,   9,   8,    6,   5,   5,   5,   5,   5,   5,   5,   5,   4,   4,   3,   2,   2,    2,   2,   3,   3,   3,   3]","[   0,  20,  23,  26,  28,  28,  28,  29,  29,  28,  26,  24,  22,  20,   19,  19,  19,  18,  17,  16,  15,  15,  14,  14,  14,  16,  19,  23,   26,  26,  24,  22,  22,  23,  26,  31,  36,  40,  42,  41,  39,  37,   37,  38,  38,  37,  36,  37,  39,  41,  43,  44,  44,  45,  46,  48,   52,  57,  62,  68,  72,  77,  83,  89,  94,  96,  99, 105, 114, 123,  128, 128, 123, 118, 115, 114, 115, 117, 118, 120, 122, 125, 127, 127,  126, 125, 122, 119, 116, 111, 107, 105, 104, 104, 103, 101, 100,  98,   97,  95,  91,  88,  85,  84,  83,  83,  82,  80,  77,  75,  75,  76,   77,  78,  78,  77,  75,  73,  72,  70,  70,  70,  71,  71,  77,  79,   82,  85,  89,  93,  97, 101, 106, 113, 122, 130, 136, 141, 147, 147,  170, 189, 211, 232, 245, 245, 230, 203, 169, 135, 107,  85,  70,  60,   55,  55,  54,  58,  64,  72,  81,  90,  99, 106, 112, 115, 115, 114,  113, 113, 116, 121, 128, 136, 143, 149, 154, 157, 159, 159, 158, 155,  150, 142, 132, 119, 106,  94,  85,  85,  81,  87,  98, 113, 132, 150,  162, 163, 152, 132, 107,  84,  65,  53,  46,  46,  44,  46,  51,  57,   65,  72,  77,  79,  77,  72,  63,  53,  43,  35,  29,  23,  18,  13,    9,   6,   4,   2,   1,   0,   0,   0,   2,   6,  13,  24,  42,  70,  113, 176, 266, 391, 560, 783,1066,1412,1818,2270,2740,3167,3477,3590, 3470,3042,2308,1484, 813, 439, 248, 146,  86,  51,  30,  19,  13,  10,    8,   6,   5,   4,   4,   5,   6,   7,   8,   9,  11,  14,  16,  16,   15,  13,  12,  11,  12,  13,  16,  19,  22,  22,  20,  16,  12,  10,   10,  13,  15,  16,  16,  16]",123.0
"[   0,   3,   3,   3,   3,   3,   3,   3,   3,   3,   2,   2,   2,   2,    2,   1,   1,   1,   1,   1,   1,   2,   2,   2,   1,   1,   0,   0,    1,   1,   1,   1,   1,   1,   2,   2,   3,   3,   3,   3,   3,   3,    3,   3,   4,   5,   6,   6,   7,   7,   7,   7,   7,   9,  12,  17,   24,  34,  48,  48,  48, 101, 120, 142, 168, 202, 247, 305, 377, 460,  551, 645, 738, 831, 929,1041,1172,1317,1454,1546,1558,1473,1308,1101,  891, 702, 542, 414, 314, 240, 184, 142, 110,  85,  85,  54,  45,  37,   32,  27,  24,  22,  21,  21,  21,  21,  22,  23,  24,  25,  25,  26,   26,  25,  24,  23,  23,  24,  24,  28,  31,  34,  38,  42,  47,  53,   62,  74,  91, 111, 129, 143, 147, 143, 133, 133, 122, 128, 144, 167,  193, 216, 228, 223, 201, 169, 135, 105,  83,  67,  57,  50,  46,  46,   46,  51,  60,  73,  87,  96, 100, 100,  97,  93,  88,  85,  85,  83,   84,  86,  90,  95,  99, 103, 106, 108, 108, 106, 103,  99,  94,  89,   84,  79,  76,  74,  72,  71,  71,  70,  71,  74,  78,  87, 100, 118,  137, 154, 162, 159, 143, 120,  96,  78,  67,  67,  65,  71,  79,  90,  101, 110, 114, 112, 104,  90,  74,  58,  44,  33,  25,  20,  16,  13,   11,  10,   8,   8,   7,   7,   7,   8,   9,  11,  14,  19,  27,  41,   62,  97, 152, 235, 357, 530, 767,1080,1473,1940,2459,2962,3359,3547, 3474,3093,2335,1458, 717, 331, 160,  79,  41,  24,  15,  11,   8,   7,    6,   6,   7,   9,  11,  13,  15,  17,  18,  18,  16,  14,  12,  10,    8,   7,   6,   5,   5,   5,   5,   5,   5,   5,   5,   5,   5,   5,    5,   5,   5,   5,   4,   4]","[   0,   2,   1,   0,   0,   0,   1,   1,   2,   2,   2,   2,   2,   2,    2,   3,   3,   3,   3,   2,   2,   2,   3,   3,   3,   3,   3,   2,    2,   1,   1,   2,   3,   4,   4,   5,   5,   6,   7,   8,  10,  13,   16,  19,  21,  24,  26,  29,  32,  35,  37,  40,  43,  46,  49,  52,   55,  58,  61,  65,  68,  72,  75,  78,  80,  82,  85,  87,  89,  91,   94,  96,  98, 100, 102, 103, 104, 104, 105, 105, 106, 106, 106, 105,  105, 104, 103, 102, 100,  98,  96,  93,  90,  88,  85,  82,  80,  77,   74,  71,  68,  65,  63,  62,  62,  62,  62,  62,  61,  61,  60,  60,   59,  59,  59,  59,  60,  62,  64,  67,  69,  72,  75,  79,  84,  88,   92,  96, 101, 105, 110, 114, 118, 121, 125, 130, 130, 148, 163, 184,  206, 222, 224, 211, 186, 154, 123,  97,  78,  65,  58,  58,  58,  63,   70,  78,  86,  91,  94,  94,  92,  89,  87,  87,  91,  95, 101, 107,  113, 119, 125, 130, 134, 136, 135, 131, 126, 119, 112, 105,  99,  93,   88,  85,  82,  79,  76,  74,  74,  75,  80,  89, 102, 120, 137, 151,  154, 145, 125, 100,  75,  57,  46,  41,  41,  44,  48,  54,  62,  69,   76,  80,  81,  78,  72,  64,  54,  45,  37,  30,  25,  20,  16,  13,   10,   7,   5,   4,   4,   3,   4,   5,   7,  12,  21,  34,  56,  90,  143, 222, 336, 496, 713,1000,1361,1793,2279,2781,3228,3534,3645,3533, 3182,2466,1601, 826, 393, 193,  96,  50,  28,  17,  10,   6,   3,   2,    2,   2,   3,   5,   6,   7,   9,  10,  12,  14,  15,  16,  17,  17,   17,  16,  15,  14,  13,  12,  11,   9,   8,   7,   6,   6,   6,   6,    5,   5,   5,   5,   7,   7]",114.0
"[   0,   6,   7,   7,   7,   7,   7,   7,   6,   6,   5,   5,   5,   4,    4,   4,   4,   5,   5,   5,   5,   5,   6,   8,   9,  10,  12,  14,   16,  17,  19,  21,  23,  27,  30,  34,  38,  43,  48,  54,  60,  67,   75,  84,  93, 101, 109, 118, 127, 137, 147, 157, 166, 175, 181, 186,  189, 190, 191, 192, 192, 193, 193, 194, 195, 197, 199, 202, 205, 208,  211, 214, 214, 213, 210, 205, 201, 196, 192, 189, 185, 182, 179, 175,  171, 167, 164, 160, 157, 153, 149, 144, 138, 132, 126, 121, 115, 111,  107, 103, 100,  97,  94,  92,  90,  88,  86,  84,  83,  82,  81,  80,   79,  77,  75,  73,  71,  70,  69,  69,  69,  70,  71,  74,  78,  84,   93, 106, 125, 146, 166, 174, 170, 154, 136, 123, 123, 124, 139, 160,  183, 201, 206, 195, 172, 143, 114,  91,  74,  63,  57,  57,  62,  72,   82,  88,  83,  73,  62,  54,  50,  50,  49,  51,  54,  58,  63,  69,   76,  82,  90,  98, 108, 117, 126, 134, 139, 142, 140, 135, 125, 114,  101,  90,  81,  75,  75,  75,  82,  95, 114, 136, 155, 164, 160, 142,  115,  86,  61,  44,  35,  30,  30,  30,  33,  37,  43,  51,  61,  68,   72,  69,  62,  51,  40,  30,  22,  17,  13,  11,   9,   8,   7,   6,    5,   5,   5,   4,   5,   5,   6,   7,  10,  16,  24,  38,  60,  95,  149, 231, 348, 513, 735,1024,1382,1802,2263,2726,3122,3334,3237,2725, 1946,1164, 617, 315, 158,  80,  42,  24,  15,  10,   7,   5,   3,   2,    1,   1,   1,   2,   3,   4,   6,   8,  10,  11,  13,  14,  14,  13,   11,   9,   7,   5,   4,   3,   2,   2,   2,   1,   0,   0,   0,   1,    1,   1,   1,   1,   0,   0]","[   0,   6,   6,   6,   6,   5,   4,   3,   3,   3,   4,   5,   5,   4,    4,   4,   4,   4,   4,   4,   3,   3,   3,   3,   3,   5,   7,   8,    7,   4,   2,   2,   3,   4,   5,   6,   7,   8,   9,  10,  11,  12,   15,  17,  19,  21,  23,  25,  28,  31,  35,  38,  41,  43,  45,  47,   49,  52,  55,  57,  60,  62,  65,  68,  72,  76,  80,  83,  87,  90,   94,  98, 102, 105, 106, 105, 103, 101,  99,  98,  98,  99,  99,  99,   98,  96,  94,  92,  90,  88,  86,  83,  80,  76,  72,  69,  67,  65,   64,  63,  63,  63,  63,  62,  60,  59,  59,  59,  60,  60,  60,  60,   60,  60,  60,  60,  60,  60,  63,  64,  65,  68,  71,  74,  77,  78,   80,  83,  88,  95, 101, 106, 108, 109, 109, 120, 134, 153, 173, 191,  199, 195, 177, 152, 124, 100,  81,  68,  58,  58,  54,  62,  73,  84,   90,  92,  88,  81,  74,  69,  69,  69,  74,  81,  88,  95, 101, 108,  114, 119, 123, 126, 127, 127, 125, 121, 114, 106,  96,  86,  77,  70,   67,  67,  69,  76,  88, 104, 122, 138, 148, 146, 133, 112,  88,  67,   51,  41,  36,  36,  36,  39,  42,  45,  49,  55,  62,  67,  70,  69,   66,  61,  54,  47,  40,  34,  28,  23,  19,  17,  15,  13,  11,   9,    9,   8,   9,  10,  11,  12,  16,  22,  32,  48,  72, 109, 166, 250,  368, 529, 742,1016,1357,1757,2196,2643,3038,3291,3261,2835,2109,1334,  753, 407, 223, 127,  80,  56,  41,  27,  12,   4,   3,   5,   7,   7,    7,   6,   5,   5,   5,   6,   8,  10,  12,  14,  15,  15,  14,  13,   12,  11,  11,  11,  10,   9,   7,   6,   6,   5,   5,   5,   5,   4,    4,   3,   2,   1,   1,   1]",116.0
"[   0,   1,   1,   1,   2,   2,   2,   1,   1,   1,   1,   1,   1,   1,    0,   0,   0,   0,   1,   1,   1,   2,   2,   2,   2,   3,   3,   3,    3,   3,   4,   5,   6,   7,   8,  10,  12,  13,  15,  17,  19,  21,   24,  26,  29,  32,  35,  38,  42,  45,  49,  53,  57,  60,  64,  67,   70,  74,  77,  81,  84,  87,  91,  94,  98, 102, 106, 109, 112, 114,  115, 116, 117, 117, 118, 118, 119, 119, 120, 120, 120, 119, 117, 114,  110, 106, 102,  98,  93,  89,  85,  81,  77,  73,  69,  65,  62,  59,   56,  54,  52,  51,  49,  48,  47,  46,  45,  44,  42,  41,  41,  41,   42,  44,  47,  47,  54,  58,  62,  67,  75,  88, 108, 134, 162, 188,  204, 208, 205, 201, 201, 217, 233, 245, 243, 225, 193, 157, 123,  97,   79,  70,  70,  74,  90, 113, 138, 155, 159, 151, 139, 127, 120, 120,  123, 130, 139, 148, 157, 166, 176, 186, 196, 206, 214, 220, 222, 218,  207, 189, 167, 146, 127, 115, 108, 108, 112, 122, 137, 157, 176, 189,  189, 172, 143, 111,  84,  66,  58,  58,  60,  66,  74,  82,  90,  94,   93,  87,  76,  64,  51,  40,  31,  25,  20,  17,  15,  13,  11,   9,    9,   8,   9,  10,  12,  16,  23,  35,  54,  84, 132, 204, 311, 463,  670, 944,1290,1709,2186,2689,3158,3499,3661,3610,3350,2766,1915,1066,  486, 224, 106,  51,  27,  16,  10,   7,   5,   5,   5,   6,   8,  10,   13,  14,  15,  14,  12,  10,   8,   6,   4,   3,   3,   2,   2,   1,    1,   1,   1,   1,   1,   1,   2,   2,   2,   2,   2,   2,   2,   2,    2,   2,   2,   2,   2,   2,   2,   2,   2,   2,   2,   2,   2,   2,    2,   2,   3,   3,   3,   3]","[   0,   0,   1,   1,   2,   3,   4,   5,   6,   6,   5,   3,   3,   4,    4,   5,   4,   4,   3,   3,   3,   3,   2,   2,   2,   2,   3,   4,    4,   3,   2,   2,   3,   4,   6,   7,   9,  10,  12,  14,  16,  18,   21,  23,  26,  29,  32,  35,  38,  41,  44,  47,  49,  52,  55,  58,   61,  65,  68,  71,  73,  75,  78,  81,  84,  86,  88,  90,  92,  94,   96,  97,  98,  98,  98,  97,  97,  97,  98,  99,  99,  99,  98,  97,   94,  92,  88,  85,  81,  79,  76,  75,  73,  72,  71,  69,  68,  67,   66,  65,  65,  64,  64,  64,  64,  64,  65,  65,  65,  64,  64,  65,   67,  69,  72,  75,  78,  81,  84,  88,  92,  96, 102, 108, 114, 119,  122, 126, 131, 131, 156, 176, 197, 213, 219, 210, 189, 160, 130, 103,   83,  69,  61,  57,  57,  62,  70,  82,  94, 104, 108, 106, 101,  96,   94,  94, 102, 109, 117, 124, 130, 134, 136, 137, 137, 135, 132, 128,  122, 115, 107,  99,  91,  85,  81,  81,  82,  88,  98, 113, 130, 146,  157, 157, 146, 125,  99,  75,  57,  45,  40,  40,  41,  45,  50,  57,   64,  70,  74,  74,  71,  65,  56,  47,  38,  30,  24,  19,  15,  11,    9,   7,   7,   6,   7,   8,  10,  12,  15,  22,  32,  48,  74, 113,  172, 258, 380, 547, 769,1055,1408,1825,2289,2769,3198,3495,3576,3408, 2910,2132,1294, 661, 322, 163,  85,  47,  27,  16,  10,   6,   5,   4,    4,   3,   3,   3,   3,   3,   3,   3,   5,   7,   9,  10,  11,  11,   10,   9,   8,   7,   6,   5,   4,   3,   3,   4,   4,   4,   4,   3,    3,   2,   2,   2,   2,   3,   3,   3,   3,   3,   2,   2,   2,   3,    3,   4,   4,   4,   4,   4]",110.0
"[   0,   4,   3,   3,   2,   2,   1,   1,   0,   0,   0,   0,   0,   0,    0,   0,   1,   1,   0,   0,   0,   0,   0,   0,   0,   0,   0,   0,    0,   1,   1,   1,   2,   2,   3,   4,   4,   5,   5,   6,   7,   9,   10,  11,  12,  14,  16,  18,  19,  21,  22,  24,  25,  27,  28,  29,   30,  32,  33,  35,  36,  38,  39,  40,  41,  42,  43,  44,  45,  46,   46,  47,  47,  47,  47,  47,  47,  48,  48,  49,  49,  50,  51,  52,   53,  54,  56,  56,  68,  79,  93, 107, 118, 123, 121, 114, 103,  91,   91,  91,  61,  54,  48,  44,  41,  39,  37,  36,  36,  36,  36,  36,   36,  35,  35,  34,  34,  33,  35,  37,  40,  43,  47,  51,  51,  62,   71,  84, 103, 125, 147, 164, 171, 167, 156, 143, 143, 138, 149, 165,  183, 197, 200, 191, 172, 147, 122,  99,  80,  65,  54,  46,  40,  37,   37,  37,  40,  46,  53,  64,  77,  91, 103, 113, 122, 122, 139, 139,  154, 163, 174, 187, 200, 213, 226, 240, 253, 264, 271, 272, 267, 254,  232, 204, 174, 146, 125, 110, 101,  95,  91,  87,  83,  79,  79,  80,   86,  96, 109, 124, 140, 154, 166, 173, 172, 164, 149, 133, 133, 115,  111, 107, 100,  89,  75,  61,  49,  39,  32,  28,  24,  22,  20,  19,   17,  16,  15,  15,  14,  14,  14,  15,  17,  19,  24,  31,  43,  61,   90, 135, 203, 304, 446, 642, 903,1238,1649,2128,2643,3129,3486,3651, 3599,3334,2738,1887,1046, 486, 233, 118,  63,  38,  26,  20,  17,  15,   14,  14,  14,  15,  17,  19,  20,  22,  23,  23,  23,  22,  21,  19,   18,  16,  15,  14,  13,  13,  12,  12,  11,  11,  11,  10,  10,  10,   10,  10,  10,  11,  11,  11]","[   0,   4,   4,   5,   5,   5,   5,   4,   4,   4,   4,   4,   4,   4,    4,   5,   6,   8,   9,  10,  10,   9,   7,   5,   5,   6,   7,   7,    7,   6,   5,   5,   5,   5,   6,   7,   8,  10,  11,  13,  15,  17,   19,  22,  26,  29,  32,  34,  37,  40,  44,  47,  49,  51,  53,  55,   58,  60,  63,  66,  70,  74,  78,  81,  84,  87,  90,  93,  96,  98,   99, 101, 103, 105, 108, 110, 111, 112, 112, 112, 112, 111, 111, 109,  108, 105, 103, 100,  98,  96,  95,  93,  92,  91,  89,  88,  85,  82,   79,  78,  77,  76,  74,  72,  71,  70,  69,  69,  69,  69,  68,  68,   67,  66,  64,  62,  61,  61,  61,  63,  66,  70,  76,  76,  89,  95,  101, 107, 112, 117, 122, 127, 131, 134, 138, 142, 142, 166, 189, 216,  241, 254, 250, 233, 207, 177, 147, 121,  99,  82,  69,  60,  55,  55,   57,  63,  72,  83,  93, 100, 104, 104, 101,  97,  97,  92,  94,  99,  106, 113, 120, 126, 131, 135, 138, 139, 140, 139, 138, 135, 131, 125,  119, 111, 104,  96,  90,  85,  85,  87,  96, 110, 128, 147, 164, 173,  170, 154, 130, 101,  76,  56,  44,  39,  39,  41,  46,  53,  60,  67,   74,  79,  82,  82,  79,  73,  65,  56,  48,  40,  34,  29,  25,  21,   18,  16,  14,  13,  12,  11,  11,  11,  13,  16,  21,  31,  46,  71,  109, 166, 250, 370, 536, 761,1053,1419,1856,2349,2854,3299,3596,3708, 3613,3314,2691,1853,1039, 508, 255, 134,  74,  44,  28,  18,  12,   8,    6,   3,   2,   0,   0,   0,   2,   4,   6,   8,  10,  12,  13,  14,   14,  14,  13,  12,  11,  10,  10,   9,   8,   7,   7,   6,   5,   5,    4,   4,   4,   4,   5,   5]",123.0
"[   0,   1,   0,   0,   0,   0,   1,   1,   1,   1,   1,   2,   2,   3,    3,   3,   4,   4,   5,   6,   7,   8,  10,  12,  14,  16,  18,  21,   24,  27,  30,  34,  37,  42,  46,  52,  57,  63,  68,  72,  76,  79,   82,  85,  88,  92,  97, 101, 106, 110, 114, 117, 119, 121, 122, 123,  123, 123, 123, 123, 124, 125, 127, 128, 129, 130, 131, 132, 132, 133,  132, 131, 128, 125, 120, 116, 111, 107, 103, 100,  97,  94,  92,  91,   90,  88,  85,  82,  78,  75,  71,  68,  66,  64,  62,  61,  59,  57,   55,  52,  49,  46,  44,  42,  42,  41,  42,  44,  47,  52,  52,  64,   73,  86, 104, 124, 143, 154, 156, 149, 140, 140, 138, 149, 167, 186,  200, 202, 191, 167, 138, 109,  87,  70,  60,  60,  57,  64,  76,  87,   92,  90,  84,  78,  75,  75,  76,  80,  87,  96, 107, 120, 134, 148,  162, 176, 191, 205, 219, 231, 237, 235, 223, 201, 174, 146, 124, 109,  109, 103, 109, 120, 135, 153, 168, 173, 165, 143, 115,  88,  68,  56,   50,  50,  52,  58,  66,  75,  84,  89,  89,  81,  69,  55,  41,  29,   21,  15,  12,  10,   9,   8,   7,   7,   6,   6,   6,   5,   6,   8,   11,  15,  23,  35,  56,  88, 138, 214, 322, 473, 676, 937,1263,1649, 2083,2542,2979,3317,3464,3327,2836,2100,1341, 775, 433, 242, 137,  81,   51,  34,  23,  17,  13,  11,  11,  10,  11,  12,  14,  16,  18,  20,   21,  21,  20,  18,  16,  14,  13,  11,  10,   9,   8,   8,   8,   7,    7,   7,   7,   6,   6,   6,   7,   7,   7,   7,   7,   8,   8,   8,    8,   8,   8,   9,   9,   9,  10,  10,  10,  10,  10,  10,  10,  11,   11,  12,  12,  12,  12,  12]","[   0,   2,   1,   0,   0,   1,   2,   3,   3,   4,   4,   5,   5,   5,    5,   4,   4,   5,   5,   5,   5,   5,   5,   5,   5,   6,   7,   9,   10,  13,  15,  18,  20,  23,  25,  28,  31,  33,  34,  36,  38,  40,   43,  46,  49,  51,  53,  54,  57,  60,  64,  67,  70,  72,  75,  77,   80,  82,  84,  85,  86,  87,  88,  89,  90,  91,  91,  91,  90,  89,   87,  86,  84,  82,  81,  79,  77,  74,  72,  70,  68,  66,  64,  63,   62,  62,  62,  63,  63,  62,  61,  60,  59,  58,  57,  57,  57,  57,   56,  56,  56,  56,  57,  58,  58,  65,  69,  73,  78,  82,  87,  91,   96, 101, 106, 109, 111, 111, 121, 135, 154, 176, 197, 211, 212, 198,  173, 143, 114,  91,  75,  65,  60,  60,  59,  63,  68,  74,  78,  80,   80,  78,  76,  76,  76,  84,  90,  97, 103, 110, 115, 120, 124, 126,  127, 127, 125, 123, 119, 114, 107, 100,  91,  83,  76,  73,  73,  77,   85,  98, 114, 131, 144, 149, 141, 123,  98,  74,  55,  43,  37,  35,   35,  38,  42,  48,  55,  62,  67,  71,  71,  68,  61,  53,  44,  36,   29,  23,  18,  14,  11,   9,   7,   6,   4,   4,   4,   6,   9,  13,   20,  31,  49,  76, 117, 178, 267, 390, 558, 779,1059,1397,1790,2221, 2664,3060,3333,3387,3114,2472,1658, 938, 486, 247, 122,  60,  30,  17,    9,   5,   2,   1,   1,   1,   1,   2,   2,   2,   3,   3,   3,   4,    5,   7,   8,   9,   9,   9,   8,   7,   6,   5,   4,   3,   3,   2,    2,   2,   2,   2,   2,   2,   2,   2,   1,   1,   1,   2,   2,   2,    2,   2,   2,   3,   3,   3,   2,   2,   1,   0,   0,   0,   1,   2,    3,   3,   3,   3,   3,   3]",104.0
